name,updated_at,created_at,post_id
user1,2023-10-27 0:00,2023-10-27 0:00,1
user2,2023-10-27 0:00,2023-10-27 0:00,1
날씨좋아,2023-10-27 0:00,2023-10-27 0:00,1
산책,2023-10-27 0:00,2023-10-27 0:00,1
햇빛,2023-10-27 0:00,2023-10-27 0:00,1
맛집,2023-11-01 0:00,2023-11-01 0:00,2
음식,2023-11-01 0:00,2023-11-01 0:00,2
저녁식사,2023-11-01 0:00,2023-11-01 0:00,2
user3,2023-11-01 0:00,2023-11-01 0:00,2
독서,2023-11-05 0:00,2023-11-05 0:00,3
책추천,2023-11-06 0:00,2023-11-06 0:00,3
소설,2023-11-07 0:00,2023-11-07 0:00,3
user1,2023-11-08 0:00,2023-11-08 0:00,3
영화,2023-11-09 0:00,2023-11-09 0:00,4
친구,2023-11-10 0:00,2023-11-10 0:00,4
즐거운시간,2023-11-11 0:00,2023-11-11 0:00,4
user2,2023-11-12 0:00,2023-11-12 0:00,4
드라이브,2023-11-13 0:00,2023-11-13 0:00,5
풍경,2023-11-14 0:00,2023-11-14 0:00,5
산바다,2023-11-15 0:00,2023-11-15 0:00,5
user1,2023-11-16 0:00,2023-11-16 0:00,5
등산,2023-11-17 0:00,2023-11-17 0:00,6
서울,2023-11-18 0:00,2023-11-18 0:00,6
햇빛,2023-11-19 0:00,2023-11-19 0:00,6
user2,2023-11-20 0:00,2023-11-20 0:00,6
동네,2023-11-21 0:00,2023-11-21 0:00,7
맛집,2023-11-22 0:00,2023-11-22 0:00,7
한식,2023-11-23 0:00,2023-11-23 0:00,7
user1,2023-11-24 0:00,2023-11-24 0:00,7
독서,2023-11-25 0:00,2023-11-25 0:00,8
소설,2023-11-26 0:00,2023-11-26 0:00,8
user2,2023-11-27 0:00,2023-11-27 0:00,8
user3,2023-11-28 0:00,2023-11-28 0:00,8
영화,2023-11-29 0:00,2023-11-29 0:00,9
친구,2023-11-30 0:00,2023-11-30 0:00,9
user1,2023-12-01 0:00,2023-12-01 0:00,9
user3,2023-12-02 0:00,2023-12-02 0:00,9
드라이브,2023-12-03 0:00,2023-12-03 0:00,10
야경,2023-12-04 0:00,2023-12-04 0:00,10
맥날,2023-12-05 0:00,2023-12-05 0:00,10
user3,2023-12-06 0:00,2023-12-06 0:00,10
user1,2023-10-27 0:00,2023-10-27 0:00,11
user2,2023-10-27 0:00,2023-10-27 0:00,11
날씨좋아,2023-10-27 0:00,2023-10-27 0:00,11
산책,2023-10-27 0:00,2023-10-27 0:00,11
햇빛,2023-10-27 0:00,2023-10-27 0:00,11
맛집,2023-11-01 0:00,2023-11-01 0:00,12
음식,2023-11-01 0:00,2023-11-01 0:00,12
저녁식사,2023-11-01 0:00,2023-11-01 0:00,12
user3,2023-11-01 0:00,2023-11-01 0:00,12
독서,2023-11-05 0:00,2023-11-05 0:00,13
책추천,2023-11-06 0:00,2023-11-06 0:00,13
소설,2023-11-07 0:00,2023-11-07 0:00,13
user1,2023-11-08 0:00,2023-11-08 0:00,13
영화,2023-11-09 0:00,2023-11-09 0:00,14
친구,2023-11-10 0:00,2023-11-10 0:00,14
즐거운시간,2023-11-11 0:00,2023-11-11 0:00,14
user2,2023-11-12 0:00,2023-11-12 0:00,14
드라이브,2023-11-13 0:00,2023-11-13 0:00,15
풍경,2023-11-14 0:00,2023-11-14 0:00,15
산바다,2023-11-15 0:00,2023-11-15 0:00,15
user1,2023-11-16 0:00,2023-11-16 0:00,15
등산,2023-11-17 0:00,2023-11-17 0:00,16
서울,2023-11-18 0:00,2023-11-18 0:00,16
햇빛,2023-11-19 0:00,2023-11-19 0:00,16
user2,2023-11-20 0:00,2023-11-20 0:00,16
동네,2023-11-21 0:00,2023-11-21 0:00,17
맛집,2023-11-22 0:00,2023-11-22 0:00,17
한식,2023-11-23 0:00,2023-11-23 0:00,17
user1,2023-11-24 0:00,2023-11-24 0:00,17
독서,2023-11-25 0:00,2023-11-25 0:00,18
소설,2023-11-26 0:00,2023-11-26 0:00,18
user2,2023-11-27 0:00,2023-11-27 0:00,18
user3,2023-11-28 0:00,2023-11-28 0:00,18
영화,2023-11-29 0:00,2023-11-29 0:00,19
친구,2023-11-30 0:00,2023-11-30 0:00,19
user1,2023-12-01 0:00,2023-12-01 0:00,19
user3,2023-12-02 0:00,2023-12-02 0:00,19
드라이브,2023-12-03 0:00,2023-12-03 0:00,20
야경,2023-12-04 0:00,2023-12-04 0:00,20
맥날,2023-12-05 0:00,2023-12-05 0:00,20
user3,2023-12-06 0:00,2023-12-06 0:00,20
여름,2023-12-03 0:00,2023-12-03 0:00,21
바다,2023-12-04 0:00,2023-12-04 0:00,21
user4,2023-12-05 0:00,2023-12-05 0:00,21
user3,2023-12-06 0:00,2023-12-06 0:00,21
퇴사,2023-12-03 0:00,2023-12-03 0:00,22
공부엔,2023-12-04 0:00,2023-12-04 0:00,22
user5,2023-12-05 0:00,2023-12-05 0:00,22
user1,2023-12-06 0:00,2023-12-06 0:00,22
user1,2023-10-27 0:00,2023-10-27 0:00,23
user2,2023-10-27 0:00,2023-10-27 0:00,23
날씨좋아,2023-10-27 0:00,2023-10-27 0:00,23
산책,2023-10-27 0:00,2023-10-27 0:00,23
햇빛,2023-10-27 0:00,2023-10-27 0:00,23
맛집,2023-11-01 0:00,2023-11-01 0:00,24
음식,2023-11-01 0:00,2023-11-01 0:00,24
저녁식사,2023-11-01 0:00,2023-11-01 0:00,24
user3,2023-11-01 0:00,2023-11-01 0:00,24
독서,2023-11-05 0:00,2023-11-05 0:00,25
책추천,2023-11-06 0:00,2023-11-06 0:00,25
소설,2023-11-07 0:00,2023-11-07 0:00,25
user1,2023-11-08 0:00,2023-11-08 0:00,25
영화,2023-11-09 0:00,2023-11-09 0:00,26
친구,2023-11-10 0:00,2023-11-10 0:00,26
즐거운시간,2023-11-11 0:00,2023-11-11 0:00,26
user2,2023-11-12 0:00,2023-11-12 0:00,26
드라이브,2023-11-13 0:00,2023-11-13 0:00,27
풍경,2023-11-14 0:00,2023-11-14 0:00,27
산바다,2023-11-15 0:00,2023-11-15 0:00,27
user1,2023-11-16 0:00,2023-11-16 0:00,27
등산,2023-11-17 0:00,2023-11-17 0:00,28
서울,2023-11-18 0:00,2023-11-18 0:00,28
햇빛,2023-11-19 0:00,2023-11-19 0:00,28
user2,2023-11-20 0:00,2023-11-20 0:00,28
동네,2023-11-21 0:00,2023-11-21 0:00,29
맛집,2023-11-22 0:00,2023-11-22 0:00,29
한식,2023-11-23 0:00,2023-11-23 0:00,29
user1,2023-11-24 0:00,2023-11-24 0:00,29
독서,2023-11-25 0:00,2023-11-25 0:00,30
소설,2023-11-26 0:00,2023-11-26 0:00,30
user2,2023-11-27 0:00,2023-11-27 0:00,30
user3,2023-11-28 0:00,2023-11-28 0:00,30
영화,2023-11-29 0:00,2023-11-29 0:00,31
친구,2023-11-30 0:00,2023-11-30 0:00,31
user1,2023-12-01 0:00,2023-12-01 0:00,31
user3,2023-12-02 0:00,2023-12-02 0:00,31
드라이브,2023-12-03 0:00,2023-12-03 0:00,32
야경,2023-12-04 0:00,2023-12-04 0:00,32
맥날,2023-12-05 0:00,2023-12-05 0:00,32
user3,2023-12-06 0:00,2023-12-06 0:00,32
여름,2023-12-03 0:00,2023-12-03 0:00,33
바다,2023-12-04 0:00,2023-12-04 0:00,33
user4,2023-12-05 0:00,2023-12-05 0:00,33
user3,2023-12-06 0:00,2023-12-06 0:00,33
퇴사,2023-12-03 0:00,2023-12-03 0:00,34
공부엔,2023-12-04 0:00,2023-12-04 0:00,34
user5,2023-12-05 0:00,2023-12-05 0:00,34
user1,2023-12-06 0:00,2023-12-06 0:00,34
드라이브,2023-10-27 0:00,2023-10-27 0:00,35
풍경,2023-12-04 0:00,2023-12-04 0:00,35
산바다,2023-12-05 0:00,2023-12-05 0:00,35
user4,2023-12-06 0:00,2023-12-06 0:00,35
user1,2023-12-06 0:00,2023-12-06 0:00,35
user1,2023-10-27 0:00,2023-10-27 0:00,36
user2,2023-10-27 0:00,2023-10-27 0:00,36
날씨좋아,2023-10-27 0:00,2023-10-27 0:00,36
산책,2023-10-27 0:00,2023-10-27 0:00,36
햇빛,2023-11-01 0:00,2023-11-01 0:00,36
맛집,2023-11-01 0:00,2023-11-01 0:00,37
음식,2023-11-01 0:00,2023-11-01 0:00,37
저녁식사,2023-11-01 0:00,2023-11-01 0:00,37
user3,2023-11-05 0:00,2023-11-05 0:00,37
독서,2023-11-06 0:00,2023-11-06 0:00,38
책추천,2023-11-07 0:00,2023-11-07 0:00,38
소설,2023-11-08 0:00,2023-11-08 0:00,38
user1,2023-11-09 0:00,2023-11-09 0:00,38
영화,2023-11-10 0:00,2023-11-10 0:00,39
친구,2023-11-11 0:00,2023-11-11 0:00,39
즐거운시간,2023-11-12 0:00,2023-11-12 0:00,39
user2,2023-11-13 0:00,2023-11-13 0:00,39
드라이브,2023-11-14 0:00,2023-11-14 0:00,40
풍경,2023-11-15 0:00,2023-11-15 0:00,40
산바다,2023-11-16 0:00,2023-11-16 0:00,40
user1,2023-11-17 0:00,2023-11-17 0:00,40
등산,2023-11-18 0:00,2023-11-18 0:00,41
서울,2023-11-19 0:00,2023-11-19 0:00,41
햇빛,2023-11-20 0:00,2023-11-20 0:00,41
user2,2023-11-21 0:00,2023-11-21 0:00,41
동네,2023-11-22 0:00,2023-11-22 0:00,42
맛집,2023-11-23 0:00,2023-11-23 0:00,42
한식,2023-11-24 0:00,2023-11-24 0:00,42
user1,2023-11-25 0:00,2023-11-25 0:00,42
독서,2023-11-26 0:00,2023-11-26 0:00,43
소설,2023-11-27 0:00,2023-11-27 0:00,43
user2,2023-11-28 0:00,2023-11-28 0:00,43
user3,2023-11-29 0:00,2023-11-29 0:00,43
영화,2023-11-30 0:00,2023-11-30 0:00,44
친구,2023-12-01 0:00,2023-12-01 0:00,44
user1,2023-12-02 0:00,2023-12-02 0:00,44
user3,2023-12-03 0:00,2023-12-03 0:00,44
드라이브,2023-12-04 0:00,2023-12-04 0:00,45
야경,2023-12-05 0:00,2023-12-05 0:00,45
맥날,2023-12-06 0:00,2023-12-06 0:00,45
user3,2023-12-06 0:00,2023-12-06 0:00,45
